post_url,post_title,post_views
https://x.com/cgtwts/status/2045212979294249322?s=46,cgtwts + Base44+ Amplification X,130600
https://x.com/svpino/status/2045195162343600585,Santiago + Base44+ Amplification X,15700
https://x.com/shiri_shh/status/2045225784793813284?s=20,shiri_shh + Base44+ Amplification X,9678
https://x.com/ecommartinez/status/2045175779068424388,Alejo + Base44+ Amplification X,484
https://x.com/the_p_god/status/2045248877595398481?s=46,the_P_God + Base44+ Amplification X,6963
https://x.com/hewarsaber/status/2045158289567080464?s=20,hewarsaber + Base44+ Amplification X,6181
https://x.com/ecomchasedimond/status/2045157493039632654,Chase Dimond + Base44+ Amplification X,8828
https://x.com/drewvento/status/2045235352382648327?s=46,Degen_CPA + Base44+ Amplification X,5852
https://x.com/kritarthmittal/status/2045254256186568991,Kritarth Mittal | Soshals + Base44+ Amplification X,58200
https://x.com/BacardiCapital/status/2045243295190675474?s=20,Mikael (@BacardiCapital) + Base44+ Amplification X,
https://x.com/brkguzel/status/2045544533388124515,Burak + Base44+ Amplification X,79500
https://x.com/_guillecasaus/status/2045159713281646947?s=20,_guillecasaus + Base44+ Amplification X,0
https://x.com/arceyul/status/2045236052147748963?s=46,arceyul + Base44+ Amplification X,0
https://x.com/shashpicious_/status/2045160434207252568,shashpicious_ + Base44+ Amplification X,116
https://x.com/i/status/2045160459607675231,editormarv + Base44+ Amplification X,0
https://x.com/coleHardik/status/2045157954182340810?s=20,coleHardik + Base44+ Amplification X,22
https://x.com/BenjaminUIX/status/2045158312044593201?s=20,BenjaminUIX + Base44+ Amplification X,2400
https://x.com/chizorommaduba/status/2045209732156194855?s=20,chizorommaduba + Base44+ Amplification X,2892
https://x.com/i/status/2045167501550727438,samtwtss + Base44+ Amplification X,633
https://x.com/hasantoxr/status/2045586668153922044?s=46,Hasan Toxr + Base44+ Amplification X,
https://x.com/MatiasSchrank/status/2045355919693709377,Matías Schrank + Base44+ Amplification X,
https://x.com/HeyToha/status/2045161129979326715,Toha Khan + Base44+ Amplification X,71
https://x.com/TechByMarkandey/status/2045159365443981688,Markandey Sharma + Base44+ Amplification X,
https://x.com/socialwithaayan/status/2045322839641993448,Muhammad Ayan + Base44+ Amplification X,11300
https://x.com/thetripathi58/status/2045163802107502603,Chidanand Tripathi + Base44+ Amplification X,19
https://x.com/i/status/2045222061707329786,RAVI KUMAR SAHU + Base44+ Amplification X,10
https://x.com/vermaaakash3/status/2045221297714803144,Aakash Verma + Base44+ Amplification X,9
https://x.com/alex_inspira/status/2045160190702408140?s=46&t=USaXP59uIrMJrR-drDF7zw,Alexander Inspira IA + Base44+ Amplification X,21
https://x.com/viipin8/status/2045158265080906227,Vipin Gautam (Viipin I Gautam) + Base44+ Amplification X,13
https://x.com/ginacostag_/status/2045254379758911774,Gina Acosta + Base44+ Amplification X,6755
https://x.com/TextoCriativo/status/2045169527156064652,Rafael Estrela + Base44+ Amplification X,40
https://x.com/HeyNayeem/status/2045526758959849963,Nayeem Sheikh + Base44+ Amplification X,35800
https://x.com/IA_Quijote/status/2045772431994827045,Don Quijote 𝕏 & IA + Base44+ Amplification X,
https://x.com/Krishnasagrawal/status/2045159887307735184,Krishna Agrawal + Base44+ Amplification X,17
https://x.com/Rana_kamran43/status/2045161909591445733,kamran Hassan + Base44+ Amplification X,
https://x.com/aiwithghotai/status/2045164634420715975,ghotai + Base44+ Amplification X,
https://x.com/Marco_Exito/status/2045164826251444553?s=20,Marco | IA + Base44+ Amplification X,46
https://x.com/TheoBuildsAI/status/2045157694181392687,Theo Builds AI + Base44+ Amplification X,
https://x.com/NovaIAHQ/status/2045158193043567055,Nova IA + Base44+ Amplification X,
https://x.com/Parul_Gautam7/status/2045158910634709462,Parul Gautam + Base44+ Amplification X,13400
https://x.com/Lupin_Ai_Coder/status/2045162749257523560,Arsène Lupin + Base44+ Amplification X,9195
https://x.com/future_coded/status/2045163852304912843,Future Coded + Base44+ Amplification X,
https://x.com/heysajib/status/2045160303181398030,Mushfiq Sajib + Base44+ Amplification X,3892
https://x.com/hey_abusiddik/status/2045164432423280936,Abu siddik + Base44+ Amplification X,6113
https://x.com/EnzoSanchezIA/status/2045157879666114710,Enzo Sanchez | IA + Base44+ Amplification X,28
https://x.com/techwithakansha/status/2045184030283329969,Akansha Khandelwal + Base44+ Amplification X,
https://x.com/HeyAmit_/status/2045158925386015137,Amit + Base44+ Amplification X,
https://x.com/tec_aryan/status/2045178855569408337,Aryan Rakib + Base44+ Amplification X,1
https://x.com/manishkumar_dev/status/2045164263778771131,Manish Kumar Shah + Base44+ Amplification X,11
https://x.com/iam_chonchol/status/2045160210357231828,Alamin + Base44+ Amplification X,10500
https://x.com/hey_mujeebahmed/status/2045165092464119822,Mujeeb Ahmed + Base44+ Amplification X,54
https://x.com/Ronycoder/status/2045158511274008877,Rony + Base44+ Amplification X,
https://x.com/saidul_dev/status/2045161792532558063,Saidul + Base44+ Amplification X,
https://x.com/Polanco_IA/status/2045162013467283775,Polanco | IA + Base44+ Amplification X,
https://x.com/Kawsar_Ai/status/2045171908216590379,Kawsar + Base44+ Amplification X,
https://x.com/i/status/2045158505678782490,Sripathi Teja + Base44+ Amplification X,10
https://x.com/Shruti_0810/status/2045171858841178534,Shruti Codes + Base44+ Amplification X,
https://x.com/aaliya_va/status/2045409040667189579?s=20,Aaliya + Base44+ Amplification X,3
https://x.com/i/status/2045354351762551271,Rajesh Agarwal + Base44+ Amplification X,
https://x.com/GrowAIHub/status/2045400523684347983,GrowAIHub + Base44+ Amplification X,
https://x.com/copyelpadrino/status/2045588758049796140,Alejandro Martinez | IA + Base44+ Amplification X,
https://x.com/azed_ai/status/2045159720210813113?s=20,Amira Zairi + Base44+ Amplification X,17
https://x.com/s_mohinii/status/2045177078895800631,Mohini Shewale + Base44+ Amplification X,20
https://x.com/Code_SantrexAI/status/2045171300382265389,SantrexAI + Base44+ Amplification X,2913
https://x.com/archygupta22/status/2045185572906623192?s=46,Archy gupta + Base44+ Amplification X,5
https://x.com/anjum_ai/status/2045165190283694222,Tanvir + Base44+ Amplification X,10
https://x.com/BharukaShraddha/status/2045162258624635154,Shraddha Bharuka + Base44 + Amplification X,6197
https://x.com/pushkersoni72/status/2045162401109324280,pushkar soni + Base44+ Amplification X,
https://x.com/jihad_sameul/status/2045159181192487309,Jihad + Base44+ Amplification X,
https://x.com/KhusbooT14835/status/2045162676675133924,Khusboo T. + Base44+ Amplification X,2
https://x.com/tech_crafters/status/2045174369400635613?s=20,Crafters Warrior + Base44+ Amplification X,20
https://x.com/aiscout22/status/2045391951885914326,Zohi + Base44+ Amplification X,
https://x.com/i/status/2045194036546302021,Iamjordan + Base44+ Amplification X,6500
https://x.com/Nijol71/status/2045158998291398899,Nijol + Base44+ Amplification X,
https://x.com/Rixhabh__/status/2045158121543533032,Rishabh + Base44+ Amplification X,3334
https://x.com/iamfakhrealam/status/2045158323520237835,Fakhr + Base44+ Amplification X,5760
https://x.com/Diptish09/status/2045158369703694381,Dipti Sharma + Base44+ Amplification X,18
https://x.com/soni_jyoti_/status/2045158198521594078,jyoti Soni + Base44+ Amplification X,
https://x.com/ai_explorer25/status/2045158964892201149?s=20,Neha jain + Base44+ Amplification X,10
