Post URL,Views
https://x.com/cgtwts/status/2045212979294249322?s=46,130600
https://x.com/svpino/status/2045195162343600585,15700
https://x.com/shiri_shh/status/2045225784793813284?s=20,9678
https://x.com/ecommartinez/status/2045175779068424388,484
https://x.com/the_p_god/status/2045248877595398481?s=46,6963
https://x.com/hewarsaber/status/2045158289567080464?s=20,6181
https://x.com/ecomchasedimond/status/2045157493039632654,8828
https://x.com/drewvento/status/2045235352382648327?s=46,5852
https://x.com/kritarthmittal/status/2045254256186568991,58200
https://x.com/BacardiCapital/status/2045243295190675474?s=20,
https://x.com/brkguzel/status/2045544533388124515,79500
https://x.com/_guillecasaus/status/2045159713281646947?s=20,0
https://x.com/arceyul/status/2045236052147748963?s=46,0
https://x.com/shashpicious_/status/2045160434207252568,116
https://x.com/i/status/2045160459607675231,0
https://x.com/coleHardik/status/2045157954182340810?s=20,22
https://x.com/BenjaminUIX/status/2045158312044593201?s=20,2400
https://x.com/chizorommaduba/status/2045209732156194855?s=20,2892
https://x.com/i/status/2045167501550727438,633
https://x.com/hasantoxr/status/2045586668153922044?s=46,
https://x.com/MatiasSchrank/status/2045355919693709377,
https://x.com/HeyToha/status/2045161129979326715,71
https://x.com/TechByMarkandey/status/2045159365443981688,
https://x.com/socialwithaayan/status/2045322839641993448,11300
https://x.com/thetripathi58/status/2045163802107502603,19
https://x.com/i/status/2045222061707329786,10
https://x.com/vermaaakash3/status/2045221297714803144,9
https://x.com/alex_inspira/status/2045160190702408140,21
https://x.com/viipin8/status/2045158265080906227,13
https://x.com/ginacostag_/status/2045254379758911774,6755
https://x.com/TextoCriativo/status/2045169527156064652,40
https://x.com/HeyNayeem/status/2045526758959849963,35800
https://x.com/IA_Quijote/status/2045772431994827045,
https://x.com/Krishnasagrawal/status/2045159887307735184,17
https://x.com/Rana_kamran43/status/2045161909591445733,
https://x.com/aiwithghotai/status/2045164634420715975,
https://x.com/Marco_Exito/status/2045164826251444553,46
https://x.com/TheoBuildsAI/status/2045157694181392687,
https://x.com/NovaIAHQ/status/2045158193043567055,
https://x.com/Parul_Gautam7/status/2045158910634709462,13400
https://x.com/Lupin_Ai_Coder/status/2045162749257523560,9195
https://x.com/future_coded/status/2045163852304912843,
https://x.com/heysajib/status/2045160303181398030,3892
https://x.com/hey_abusiddik/status/2045164432423280936,6113
https://x.com/EnzoSanchezIA/status/2045157879666114710,28
https://x.com/techwithakansha/status/2045184030283329969,
https://x.com/HeyAmit_/status/2045158925386015137,
https://x.com/tec_aryan/status/2045178855569408337,1
https://x.com/manishkumar_dev/status/2045164263778771131,11
https://x.com/iam_chonchol/status/2045160210357231828,10500
https://x.com/hey_mujeebahmed/status/2045165092464119822,54
https://x.com/Ronycoder/status/2045158511274008877,
https://x.com/saidul_dev/status/2045161792532558063,
https://x.com/Polanco_IA/status/2045162013467283775,
https://x.com/Kawsar_Ai/status/2045171908216590379,
https://x.com/i/status/2045158505678782490,10
https://x.com/Shruti_0810/status/2045171858841178534,
https://x.com/aaliya_va/status/2045409040667189579,3
https://x.com/i/status/2045354351762551271,
https://x.com/GrowAIHub/status/2045400523684347983,
https://x.com/copyelpadrino/status/2045588758049796140,
https://x.com/azed_ai/status/2045159720210813113,17
https://x.com/s_mohinii/status/2045177078895800631,20
https://x.com/Code_SantrexAI/status/2045171300382265389,2913
https://x.com/archygupta22/status/2045185572906623192,5
https://x.com/anjum_ai/status/2045165190283694222,10
https://x.com/BharukaShraddha/status/2045162258624635154,6197
https://x.com/pushkersoni72/status/2045162401109324280,
https://x.com/jihad_sameul/status/2045159181192487309,
https://x.com/KhusbooT14835/status/2045162676675133924,2
https://x.com/tech_crafters/status/2045174369400635613,20
https://x.com/aiscout22/status/2045391951885914326,
https://x.com/i/status/2045194036546302021,6500
https://x.com/Nijol71/status/2045158998291398899,
https://x.com/Rixhabh__/status/2045158121543533032,3334
https://x.com/iamfakhrealam/status/2045158323520237835,5760
https://x.com/Diptish09/status/2045158369703694381,18
https://x.com/soni_jyoti_/status/2045158198521594078,
https://x.com/ai_explorer25/status/2045158964892201149,10
