Creator Name,Role,Comment,LinkedIn URL
Stephanie Monroe,Sales And Marketing Specialist at Monroe Marketing Agency,Feels like a true category-defining moment.,https://www.linkedin.com/in/stephanie-j-monroe/
Jared Jones,"Co-Founder of Lone Rock Leadership. Develop Leaders who Deliver Results, Lead through Change, Make Decisions and Create Accountability.",The belief in the category clearly paid off.,https://www.linkedin.com/in/jaredcjones/
Cheryl Marks Young,"Certified Biz & Leadership Coach | Host of Hungry.Humble.Human® Podcast on Spotify | Managing Director eWomenNetwork Northern New Jersey",Great to see a product become indispensable so quickly.,https://www.linkedin.com/in/cherylmarksyoung/
Natalia Soraya,Sales And Marketing Specialist at Event Enhancer,Amazing to see the company scale with such conviction.,https://www.linkedin.com/in/natalia-soraya/
Mitchell Weijerman,"Making Bitcoin Mining easy, accessible and profitable for investors worldwide || managing 80,000 mining machines",The line about being 40 percent leaner is striking.,https://www.linkedin.com/in/mitchell-weijerman-49b4956b
David Zuccolotto,"Enterprise AI | GVP, Sales",What an amazing example of fast validation in a new category.,https://www.linkedin.com/in/davidzuccolotto/
Brad Stevens,"Founder/CEO Outsource Access. YPO/EO Member. Empowering SMB's and Franchises with Talented Staff in the Philippines. (Marketing, Sales, Operations, Finance, Exec Admins and More)",A great product plus great timing creates momentum like this.,https://www.linkedin.com/in/bradstevens44
Ronalds Virbulis,Accelerating Product Innovation with Centric Software's Leading Solutions,Great to see something actually deliver on the AI promise.,https://www.linkedin.com/in/ronalds-virbulis-29840348/
Helena Najman,"Public Relations Specialist | Corporate Communications Expert",Strong work building something that teams rely on.,https://uk.linkedin.com/in/thepublicrelationsspecialist
Rafael Schwarz,"Board Advisor & NED | FMCG, Media, MarTech, Digital | CRO & CMO | B2B & B2C Growth Strategy | Social Media & Creator Economy | 25y track record as GTM, Sales & Marketing Leader | ex P&G, Mars, Reckitt",What a fantastic milestone for the founders.,https://www.linkedin.com/in/rschwarz/
Susan Barns,VP at GrowthMasters,Really impressive to see the business impact so early.,https://www.linkedin.com/in/susan-barns-432b47165/
Christian Genheimer,🌅 Execution & Growth Performance Partner für wachstumsorientierte Mittelständler | Investor | Beirats- und Aufsichtsratsfunktionen,This is a founder story worth remembering.,https://de.linkedin.com/in/christiangenheimer
Mike Wagle,"CXO | AI-Enabled GTM & Profitability | Turnarounds & Scale | AI x GTM 50 Recipient",Turning doubt into demand is the hardest part.,https://www.linkedin.com/in/mikewagle
Eugene K.,"Operations Leader — Profit & Growth Through Operations, Automation & AI | AI Presidential Challenge Judge | +15 Years · Manufacturing · Financial Services · Tech | Chicago",This is a strong signal for where work is heading.,https://www.linkedin.com/in/ekharitonov/
Chloe Mortenson,LinkedIn ghostwriter for top SaaS Founder 👉 DM me to learn more.,A reminder that the best startups are often stubborn.,
Enrico Zaninotto,Web Sales Consultant presso Autostar Spa,The revenue traction here is so compelling.,https://www.linkedin.com/in/enrico-zaninotto-3a602834b/
Jos Gerards,"Organising DEVWorld Conference | Creating the most Valuable & Unique Conference for Tech Teams | Bringing over 30,000 Developers, 9000 Teams and 300 Partners together since 2018.",Love seeing a bold vision earn real trust.,https://nl.linkedin.com/in/josgerards/
Sarah Polk,"Partner | CMO | CSO | Board Member | Executive Team Advisor | Growth Strategist | Visionary",The market clearly needed something beyond conversational AI.,https://www.linkedin.com/in/sarahpolk/
Mark Cahill,"Financial Broker | Tax Efficient Finance Strategist for Business Owners & PAYE Professionals | Qualified Financial Advisor | Retirement Advisor | Specialist Investment Advisor | Pension Trustee Practitioner | Mortgages",The best companies often start as experiments.,https://www.linkedin.com/in/markcahillfinancialservices/
Ariel Orbach,"Tech Founder | CPTO @ User1st | 1-Exit ($1B) | 3x Founder | Ex-CEO & 5x Ex-CPTO | Try my newsletter → ArielsNewsletter.com",This is a big moment for the company and the category.,https://www.linkedin.com/in/arielorbach/
Danielle Fitzpatrick Clark,"CEO and Founder @ Influence Builder | LinkedIn Top Voice (x4) | High-Intent Marketing & Programmatic Ads | Thought Leader Visibility Engine Creator |Top 20 Women Disruptors",Very compelling to see AI move into real business results.,https://www.linkedin.com/in/danielle-fitzpatrick-clark/
Ben Botes,"General Partner | Caban Global Reach Private Equity LP | Disciplined Deployment in Fintech & Healthcare",Wonderful to see a team win after years of iteration.,https://www.linkedin.com/in/benbotes/
Melissa Lee,"Agentic & Conversational AI | Digital Transformation Consultant Driving the Future of CX ... The future IS here.",Building something people want is the hardest part.,https://www.linkedin.com/in/melissa-lee-06301461/
Barry Cryan,Helping Founders Scale Faster & Work Less using AI-Powered Productivity Systems,A standout announcement in a crowded market.,https://www.linkedin.com/in/barry-cryan-30158985/
Bob Dixon,"Transforming Commercial Construction | Unifying Fragmented Trades | Veteran Leader Preserving Legacies & Multiplying Value",This is what conviction looks like when it compounds.,https://www.linkedin.com/in/bobdixon31/
Brandon Smith,"VP / Head of Marketing | Multi-channel demand gen, ABM, lifecycle | C-level and enterprise GTM",Fantastic outcome for a product with a very clear purpose.,
Scott Kennedy,"Venture-funded serial founder with exits. Investor, advisor, speaker, dad.","Half the week back for entire teams. That is not incremental improvement, that is a fundamental shift in how work gets done.",
Alexander Belyaev,"Solution-Focused Sales Engineer | Account Management & Technical Expertise | Turning Complex Challenges Into Practical Results",From two cofounders with a vision to $75M in funding and $15M in revenue. This is the kind of startup story that actually deserves to be told.,https://www.linkedin.com/in/alexanderbelyaev48/
Carin Oliver,"Founder | Official AI Ladder | Wine Marketing Wingwoman | From Lease To Launch™ | 🔥🐎 ♐",The 40% leaner operations stat is going to be the number that gets cited in every boardroom conversation about AI adoption this year.,https://www.linkedin.com/in/carinoliver/
Erica Abrahams,"Marketing Director | Head of Growth",Huge props for building through the hard parts.,https://www.linkedin.com/in/erica-abrahams-527004293/
Jennifer Mihajlov,"Chief Commercial Officer | CPG Revenue Growth | Retail, Distributor & Broker Channels | Go-to-Market Strategy | Sales Leadership | SaaS-Enabled Commercial Operator | Brand Advisor",This is a very strong validation of the vision.,https://www.linkedin.com/in/jennifer-mihajlov-86612019/
Daniel Wattenhofer,"Global court-proof copyright registration service to protect from AI-stolen ownership | For Music, Artists, Lawyers, Finance & Tax, Airlines, Healthcare, Organizations & Government | Multiple Startup Founder 20+ Yrs","The AI coworker space just got its defining moment. Viktor raising $75M with this kind of traction makes it the clear category leader right now.",https://www.linkedin.com/in/danielwattenhofer/
Daniel Davidson,⚡️ I review Powerful Websites and Apps that help you work Smarter and Achieve more | Content Creator - 850k+ subs across all socials | Email me for collab: partnership@daniel-dan.biz📩,The category just got much more interesting.,https://ae.linkedin.com/in/daniel-davidson1
Ryan C Meinzer,"Engineering Leader & Systems Architect | 25 years of complex, high-stakes systems. AI just made the problems more interesting.",There is something powerful about a product that was born from years of failure and iteration. Those are always the ones that end up winning.,https://www.linkedin.com/in/ryancmeinzer/
James William Portman JP,"Advising private clients on off-market opportunities from Dubai and beyond","The best part of this entire announcement is the authenticity. Real struggle, real failures, real persistence, and now real results to show for everything.",https://www.linkedin.com/in/jwportman
Joe Carvin,Founder and Executive Director at One World Future Ready,The decision to keep going when users did not even want to test the product took enormous courage. That moment was the real inflection point.,https://www.linkedin.com/in/joe-carvin-47619181
Sofia Bakker,Marketing Specialist at Avenga,AI that actually removes work is where the real value is.,https://www.linkedin.com/in/sofia-bakker-02275520a/
Lindsey Frances,"Leadership & Wealth Psychologist | Advising High Achievers | Create Purpose & Build Legacy | Clinical Sophrologist | Success Addiction Coach | Behaviour Change Workshops & Retreats | RICH SIMPLE HUMAN PODCAST",10 weeks to this scale is almost unreal. Well done.,https://www.linkedin.com/in/lindseyfrances
Eko Cahyo Nugroho S.Kom. M.T.I.,"Lecturer of Computer Science | Technology Section Head @ Bina Nusantara University | AWS Certified Solutions Architect – Associate","Congratulations to the founding team and early believers. The path from experiment to $75M Series A is a story worth telling for years to come.",https://www.linkedin.com/in/eko-cahyo-nugroho-s-kom-m-t-i-647bb077/
Sailesh Dev,"Co-Founder @Bloom","Huge congratulations, this is a brilliant outcome.",https://in.linkedin.com/in/saileshdev
Lance Robinson,"CTO, Co-Founder at PointeOS",That kind of ARR growth is hard to ignore.,
Ryan Wimpey,"I lead the amazing franchisees of Tip Top K9, with a focus on powerful marketing, back-end support, and developing people, all to help our locations spread the magic of the Tip Top K9 method across the U.S.",Companies saving millions while sourcing new revenue simultaneously is the kind of dual value proposition that creates extremely loyal customer bases.,https://www.linkedin.com/in/ryan-wimpey-849287316/
Stephen Quadras,Bartender at British Brewing Company,The revenue numbers here are seriously impressive.,https://in.linkedin.com/in/stephen-quadras-14a4871aa
James H.,"Director, Growth Marketing @ Quantum Health | Turning strategy into pipeline in long, complex B2B sales cycles | B2B SaaS Marketing Expert","This announcement is going to inspire a lot of founders who are in the ""nobody wants to test our product"" phase right now. Keep building.",
John Babalola,"Helping Startups & Business Owners Scale with Funnels, Automation & Digital Systems","Congratulations to Zhenya, Cecilia, and Bilal for backing this vision early. This is the kind of bet that defines great investor track records.",
Dan Ashendorf,Creator of Client Acquisition System 🧙‍♂️. Love ❤️ coffee ♨️ drum n bass 🥁,This feels like a step toward a new kind of employee.,https://www.linkedin.com/in/dan-ashendorf-ba116979/
Marina Padovan,Business Administrator,Such a compelling story of persistence and product quality.,https://www.linkedin.com/in/marina-padovan-8892851/
David (Dave) Meloni,"FOUNDER & CEO RETAIL READY INSIGHTS|ADVISOR|EXECUTIVE PLACEMENT EXPERT|BOARD MEMBER|AMBASSADOR",The $75M Series A led by Accel signals that the smart money is moving heavily into the AI employee category. Viktor is leading that shift.,https://www.linkedin.com/in/david-dave-meloni-a20870b6/
Tyler Cerny,🙏 Married in Christ 🌏 International & Award-Winning Keynote Speaker 🚀 TEDx Speaker (3M+ Views) 🏆Pre-Order "The Life of Purpose"👇,The future of work keeps getting more interesting.,https://www.linkedin.com/in/tylercerny/
Dejan Travnikar,I Turn 6-Figure eCommerce Brands into 8-Figure Revenue Machines | Fractional CMO | $30M+ Generated | Meta • Google • TikTok • Email • CRO • AI,"Love the combination of ambition, grit, and results.",https://si.linkedin.com/in/dejan-travnikar
Catherine D.,"Marketing | Content | Copywriter",The vision of AI employees has been talked about for years but Viktor seems to be the first one actually delivering on that promise at scale.,
"Fara Rosenzweig, MA","VP of Marketing | Results Driven | Emmy-Award Recipient",Viktor being the AI coworker that 10x's real businesses is the kind of positioning that attracts both customers and investors simultaneously.,https://www.linkedin.com/in/fararosenzweig/
John Pearson,Avid Learner,$75M to scale an AI employee that is already generating $15M ARR. The unit economics here must be absolutely incredible for customers.,
Adi Saric,"Chief Technology Officer | AI Practitioner and Educator | Orchestrating Fintech Innovation",Not another AI tool but the first true AI employee. That distinction matters and the market traction proves customers feel the difference too.,https://www.linkedin.com/in/adisaric/
Sarah Squires,Talent // ex MSFT,Accel leading this round tells you a lot about the quality of the product and the team behind it. Smart money follows real traction.,https://www.linkedin.com/in/sesquires/
Hatim El Ghardouf,"Customer Success Manager | AI 🤖 | Saas",The AI coworker category is going to be massive and it looks like Viktor is positioning itself right at the front of that wave.,https://www.linkedin.com/in/hatimelghardouf/
Casey Copeland,Chief Marketing Officer @ Mid America Capital,This is how new categories quietly become obvious.,https://www.linkedin.com/in/caseycopeland
ELENI BLANS,Independent PR & Communications Professional,The term AI coworker suddenly feels very tangible.,https://www.linkedin.com/in/eleni-blans-823026258/
Ben Owen,"Founder & CEO, Atelic.ai | Data & AI Thought Leader | Ex-AWS, IBM, SAP | Scaling Growth & ROI with Trusted AI | Keynote Speaker",Really respect the honesty about showing products that users didn't even want to test. That kind of transparency builds real trust with people.,https://www.linkedin.com/in/benowenprofile/
Chris Neal,"Cannes Lion Director · ex-Paid Media Operator · Founder, CHALK","This is one of those stories where the struggle matters, because it makes the eventual breakthrough much more believable.",https://www.linkedin.com/in/christopherneal1/
Daniel Lindberg,"Operational Risk & Scenario Analysis Leader | ORE, Internal Loss Data, ORX, SR 15‑19, CCAR / FR Y‑14A | Open-Heart Surgery Survivor",That level of customer adoption in such a short window suggests the product is solving a real and immediate pain point.,https://www.linkedin.com/in/daniellindbergnc/
Mickey Hardy,"CEO @ Arcadia | Co-Founder @ Introduction.com | Digital Asset Consulting | Investor @ Discord, Epic, Databricks |","This is a great example of why persistence matters so much in startups, especially when the first versions do not work.",https://www.linkedin.com/in/mickey2004/
Maliha Mahjabeen,"LinkedIn Growth Strategist | Helping Founders & Coaches Grow Followers, Leads & Authority Organically | 10K+ Network","The framing of an AI coworker feels much more concrete than generic AI tooling, and that is probably why the market responded so quickly.",https://www.linkedin.com/in/malihamahjabeentashfia
Sandrine Perrier,"Executive Leadership Advisor (ICF) 🇫🇷🇬🇧🇩🇪 | Scaling, decision-making & influence in high-growth environments | Former GM & Marketing Director | Speaker & Lecturer","A strong reminder that the best products often come after a lot of wrong turns, not before them.",https://fr.linkedin.com/in/sandrine-perrier
Simi Brown,"Amazon Ads & SEM Paid Search & Paid Social - PPC. Google Ads - Amazon - Bing Ads - Facebook Ads IG Ads, Tiktok Ads, Pinterest Ads, Linkedin Ads",The fact that teams are saving time while keeping output strong is exactly the kind of practical value businesses want.,https://www.linkedin.com/in/simibrown/
Jyoti Swaroop Mohanty,"Head of Marketing & Growth | Digital Marketing Specialist | AI Product Enthusiast | Product Innovation & Marketer | Speaker | Product Development","This is exactly what people mean when they talk about product-market fit, because the demand is showing up in the numbers so clearly.",https://in.linkedin.com/in/jyotiswaroopmohanty
Farah Zia,"Turning Your Vision Into Viral Edits That Capture Attention, Spark Conversations, and Keep Viewers Coming Back For More.",The best part of this announcement is that the value proposition is obvious even to someone who is not deep into the AI space.,
Corey Clark,"Accelerating Business Growth | Strategic Marketing Expert | Fractional CMO | Entrepreneur | Leader in Corporate & Non-Profit Sectors | Event Speaker","I love that this post focuses on actual outcomes like time saved, money saved, and output maintained rather than vague technology language.",https://www.linkedin.com/in/corey-clark-strategist
Chris Madden,#1 Voice in Tech News 🏆 Podcast & AI clip specialist 🎬 1B+ views for the biggest founders and VCs in the world 🌎 Let me help you & your business go viral 🚀,This kind of traction is exactly what separates an interesting product from one that becomes essential to users.,https://www.linkedin.com/in/chrismadden365/
Anton Ossipovski,"I help founders and teams create optimal marketing - aligned with strategy, resources, and goals.","That level of growth in ten weeks is not just impressive, it is a very strong signal that the category has real momentum.",https://ee.linkedin.com/in/ossipovski
Andrew Hughes,I Help Small Business Owners and Nonprofit Executives Achieve their Goals with Effective Marketing Strategies Focused on Growth and Development | Marketing Associate at Clark & Co,This is the kind of company story that makes the future of work feel less abstract and a lot more real.,
Tom Lawrence,"Leadership Career Coach | Leadership Career Speaker | Leadership Career Author | Leadership Career Mentor",Huge respect for the team because building trust with early users is often far harder than building the first version of the product.,https://www.linkedin.com/in/tomlawrencementor/
Martin Maya,Helping Organisations To Build High-Performing BA Teams | Practitioner-led BCS Training | Real-World BA Capability,"The team clearly spent a long time getting the product right, and the payoff is visible in the strength of this launch.",https://www.linkedin.com/in/martin-maya/
Muhammad Rehan,Founder & CEO @Green Deck | Dubai Property Investment Architect | Unlocking $100B+ Real Estate Opportunities for International Investors,"What stands out is not just the funding amount, but the business outcomes already tied to the product so early in its life.",https://ae.linkedin.com/in/muhammad-rehan-16416652
Elfred Dale Patalita,"Provide accurate reports that help teams track performance, spot opportunities, and drive improvements. I also create content and explore AI tools to grow in social media management. | Reporting Manager at RevBoost",Love seeing a team turn years of uncertainty into something the market clearly values and is willing to pay for.,https://www.linkedin.com/in/elfred-dale-patalita-24a339197/
Juan Alvarez,Behavioral Data Scientist & AI Strategist Human & Animal - Author of: The Creator Loop Theory.,"That revenue ramp in such a short period is seriously compelling, especially in a category where adoption usually takes much longer Fryd",
George Lamdus,Head of Partnerships @ Loopcv | We help job seekers apply to jobs faster using AI,This is a meaningful moment for AI tooling.,https://www.linkedin.com/in/george-lamdus-49062b220
Maâmar Gomeri,"Retail & Tech | CEO @ FOR & @ myplayground.store | Strategy, Ops, Growth",A huge win for founders who kept believing.,https://fr.linkedin.com/in/ma%C3%A2mar-gomeri-23277a77
Audrey McKnight,General Manager at Venture X San Antonio Northwest,Very exciting to watch this category emerge.,https://www.linkedin.com/in/audrey-mcknight/
Ava Grace Ines,Tech Solopreneur and Creator,This is the kind of announcement that changes conversations.,https://www.linkedin.com/in/ava-grace-ines-486447273/
Vaibhav Sisinty,"Founder, GrowthSchool | On a mission to upskill 100M people globally with AI",This is what real adoption looks like.,https://in.linkedin.com/in/vaibhavsisinty
Michael Adam,Partner at M&D Solutions,Amazing to see the market respond this strongly.,
Cara Katz,"CRO for founder-led businesses | Founding Advisor | 4 Exits | Community Builder | Neurodiverse Mom",This is what happens when the right pain point gets solved.,https://www.linkedin.com/in/thecarakatz/
Abhinaya Mary Koshy,"Consultant IT Project Manager | Tinkering With AI | SQL | Jira | PowerBI | COBOL -DB2 | DotNet | AWS | Azure DevOps | Tableau","The concept is simple, but the execution is clearly hard.",https://in.linkedin.com/in/abhinaya-mary-koshy-88694734
Alastair Ferguson,Founder @ EXXA 🖥️ Empowering Sydney & Brisbane Business Owners with hassle free IT Solutions | Certified Microsoft Partner | CyberCert Level 3 Gold-Certified,This is what building in public should look like.,https://www.linkedin.com/in/exxa/
Daud Sharif,"B2B Growth Partner | Clean Sales, Marketing & Brand Systems | KPI-Driven Pipeline (Europe, Asia & MENA)",This is a huge endorsement from the market.,
Veronica Marchesan,Assistente amministrativo presso CONPAC ®,Very impressive to see revenue and impact align so well.,https://www.linkedin.com/in/veronicamarchesan/
Edgar S,"Enfoque integral basado en articular economía aplicada, justicia social y análisis estratégico con nuevas tecnologías y marketing digital, desarrollo de modelos corporativos orientados a un posicionamiento exitoso.",Really impressive to see so much value created so fast.,
Lorenzo Campolongo,Content Creator for Beliked,Such a nice example of patience meeting timing.,
"Michelle Hummel, CMO","Fractional CMO for Franchises and High-Visibility Organizations | AI-Powered Scale | AI Business Strategy Implementation | Brand & Growth Strategy Advisor for Non-Profits | Keynote and Executive Conference Speaker",Strong reminder that great products can move very quickly.,https://www.linkedin.com/in/michelleshummel
Atharva Bavkar,"Exwipro | Electrolab | Salecorodinator | Backend |",This feels much bigger than a typical funding announcement.,
Muhammad Abdullah,Senior Video Editor at EditXlabs,You can tell a lot of learning went into this win.,
Mamnoon ul hussnain,"Founder @ Puremail.ai & Targetpulse.net",Amazing to see such fast adoption.,https://pk.linkedin.com/in/mamnoon1214
Paul Seibert,"NetSuite, Shopify, BigCommerce and Klaviyo at SCG Team",This is the sort of round that validates a whole category.,https://www.linkedin.com/in/paulseibert1
Andrew Lenti,Helping organizations turn strategy into execution | Author of The Intrapreneur's Playbook | Presto PDCA SaaS,Incredible milestone. Building to $15M ARR in 10 weeks is wild.,https://www.linkedin.com/in/andrewlenti/
Adrian Borowski,Build Brand Equity,Big congratulations to the founders and team.,https://ca.linkedin.com/in/adrianboro
Rasheen W.,"Follow Me | CISSP, C|CISO, Certified Artificial Intelligence Expert - Vice President | Author | Board Member | Speaker | Join my Newsletter!",Love the humility in the journey and the confidence in the result.,https://www.linkedin.com/in/rasheenwhidbee
Jamie Yu,Growth at CodeSignal,This is a strong reminder that distribution matters.,
"Dr. Dev Ahuja, PhD",Co-founder at RTW Plus | Acquiring healthcare businesses | Healthcare Innovator & Investor,This is the kind of traction that gets attention fast.,https://uk.linkedin.com/in/devdeepahuja
Logan Charles,Business Development Manager at JKI GROUP LTD,Such a strong example of persistence paying off.,https://www.linkedin.com/in/logan-charles-15098019a/
Corinne REMY,Head of Talent chez Ageelink - Human & Digital Growth💥 Recrutez en 30 jours les meilleurs talents du Digital💥 Rencontrez vos premiers candidats en moins de 2 semaines,It is refreshing to see something this tangible in AI.,https://fr.linkedin.com/in/corinneremy
Charles B.,Entrepreneur & Advisor | AI · Fintech · Private Wealth | Founder @FlowMail Studio | Lausanne · Luxembourg,This feels like the start of a major platform.,https://www.linkedin.com/in/charlesbretn/
"D. Gargi, PhD🎖️",Storyteller | 2X 🏆 Linkedin Top Voice | Research and Analytics,So much to admire in this journey.,https://www.linkedin.com/in/gargi-datta-8a60a65/
Leonidas Papadopoulos,Building the Brain Every Company Deserves,You can feel the effort behind the outcome.,https://gr.linkedin.com/in/leonidas-papadopoulos
Nicolai von Schneider,Positioning Strategy For Top 1% Of Competitive Brands | Globally-Recognized Differentiation Strategy | Brand Agency Founder,Huge respect for the team behind this. Really impressive execution.,https://www.linkedin.com/in/nicvonschneider/
Hazel Pan,"AI | Marketing Automation & Analytics | Vibe Coding | Building Better Tools For Better Ops",This round feels very well earned.,
Jeroen Kant,Chief Commercial Officer at ComplianceWise | Building Predictable Growth & Scalable Commercial Engines,What a powerful journey from idea to scale.,https://nl.linkedin.com/in/jeroenkant/
Yassir Gazani,"AI & Digital Identity | Helping Companies Protect Identity & Prevent Fraud | Solutions Advisor EMEA - APAC @ FacePhi |",Great to see a product people genuinely love.,https://www.linkedin.com/in/yassir-gazani/
"Shubham, AI Product Specialist","Product Specialist at TestZeus | Helping teams improve QA, testing, and AI automation",What I appreciate most is that Viktor focuses on being useful rather than being impressive. Saving money and generating revenue beats flashy demos every time.,
Arnt Eriksen,"I help senior marketing leaders build remarkable brands that compound. Author of Marketing at Velocity (Kogan Page, 2027), Keynote Speaker, Advisor to C-Suite Execs",Every wrong decision and every failure along the way was just research and development for the product that would eventually generate $15M ARR.,https://uk.linkedin.com/in/arnteriksen
Aimé Loko,"Founder @Codamp™ || Growth Partner for SMEs and Corporations || But also We support companies committed to human, ethical, or environmental causes || Digital for Good 🌱",This is what happens when you build for real business outcomes instead of chasing AI benchmarks. $15M in revenue speaks louder than any technical demo.,https://www.linkedin.com/in/aimeloko/
Daniela Gagliano',"Co-Founder @ Atelier and Stories | Cultural Identity Architecture",Companies running leaner while maintaining output quality is the sustainable efficiency gain that separates real AI products from flashy demos.,https://ae.linkedin.com/in/danielagagliano
Marty Samples,Un-Influencer · Founder of Macroview & Creator of Growth OS · Helped 50+ B2B founders build repeatable growth systems · No hacks. No hype. Just systems that compound.,Accel does not lead $75M rounds on hype alone. The due diligence on Viktor must have been incredibly compelling given those early traction metrics.,https://www.linkedin.com/in/martinsamples/
Roberto J. Aguirre G.,"Chief AI Officer | Digital Transformation Leader | ML/GenAI Strategy",The speed of adoption and revenue growth tells me that Viktor solved a problem people have been desperately waiting for someone to solve properly.,
Edward Suarez,"Commercial Managing | Renewable Energy Sales | Business Development | Clean Tech Solutions | Energy Markets | Power Purchase Agreement",Love the transparency about failing multiple times. It makes the success feel earned and gives other founders permission to keep pushing.,https://www.linkedin.com/in/edwsuarez/
Emmanuel Bassey,"Sales - Relations - Partnership Expert - I support businesses in spotting new opportunities, building genuine relationships, and growing through human connections.",The AI employee category has officially arrived and Viktor is the company that made it real. Not with hype but with measurable customer outcomes.,https://www.linkedin.com/in/emmanuel-bassey-564b538/
Tiary RANAIVO,"Strategic Advisor to Investors & CEOs | Real Estate, F&B & Hospitality Ventures | Investment & Market Entry | Business Growth & Profit Optimization",Congratulations on shipping the vision you have had since 2023. Not many founders can say they actually delivered on their original thesis. This is exceptional.,
Mohamed Krizi,AI Native | CEO Wavel | I share daily AI insights to fight AI FOMO,Viktor proving that AI can source new revenue and not just cut costs is a game changer for how businesses think about AI investment decisions.,https://www.linkedin.com/in/mohamed-krizi-bb9799192/
"Greg Jones, Driving AI Business Strategies",Helping founders remove the bottlenecks capping revenue and time — without hiring more people or working longer hours | The Elite Business Strategist | Founders Freedom™,Love how clearly the value proposition comes through.,
Davide Petramala,"Head of GTM Smart Answering services @ SoundHound AI | Leadership, Start-ups",Viktor demonstrating that AI can run entire workflows autonomously without being told what to do is the leap from tool to employee everyone has been waiting for.,https://www.linkedin.com/in/davidepetramala/
Jaideep Chagger,Head of Marketing - Mindvalley Academy || Business Consultant || Speaker,Great execution creates a story like this.,https://www.linkedin.com/in/jaideep-chagger-75146215/
Marc Pickren,"CEO | CRO | CMO | GM | Executive Leader | Strategy, Operations, Growth",What I find most impressive is not the funding itself but the revenue velocity. That kind of growth only happens when the product truly delivers.,https://www.linkedin.com/in/marcpickren/
Sanjeet Kumar,Web Developer || AI & Tech Content Creator || Digital Marketing || LinkedIn Account Growth || Help to grow brands,This is the sort of result that validates years of belief.,
Philipp Schoeffmann,"Founder & Investor | 3x Dad",Feels like a true category-defining moment.,https://www.linkedin.com/in/philippschoeffmann/
Erick Ouko Nyanamba,Bridging Technology and Strategy as a Senior Software Engineer,Running 40% leaner is a stat that will make every CFO in the world sit up and take notice. Viktor is speaking the language of business.,https://www.linkedin.com/in/erick-ouko-nyanamba-03b18294/
Neeraj S.,10x AI Adoption starts with Responsible AI | Co Founder Trust3 AI | Investor | Trader,"Congratulations on this well deserved milestone. The AI employee category is real, growing fast, and Viktor is at the absolute forefront of it all.",https://www.linkedin.com/in/neerajsabharwal/
Krishnan Chandrasekharan,"Founder–Learning Without Walls | HR | Learning & OD Leader | Executive Coach | Facilitator | MCC | AI, EI & NLP Master Practitioner | Soft Skills, Activity Based Trainer | OBT| Placement Trainer | CRT| 20+ Years","Congrats on proving that the AI employee vision is not just hype. Real businesses, real savings, real revenue. That is what matters.",https://www.linkedin.com/in/drkc/
Tatiana BIMOGA,"Stratège en Image, Réputation & Brand Power | J'interviens lorsque la visibilité ne suffit plus et que l'autorité devient stratégique | DirigeantsJe ne gère pas l'image.Je gère ce que l'Histoire retiendra de vous.","The best employee does not need handholding, and apparently neither does Viktor.",https://www.linkedin.com/in/tatiana-bimoga-communication-personalbranding/
Claire C.,"Fractional CMO, GTM & PR Expert for AI, Web3, and Quantum Computing | Strategic Thinker & Hands-On Implementor","The combination of Accel's investment thesis and Viktor's proven traction creates a foundation for building something truly generational in the AI space.",
Irfan Jafrey,founder @ roosterly • somehow convinced 2200+ businesses to trust us with their marketing • GEO • ex-google,Amazing progress from a two person team to this scale.,https://www.linkedin.com/in/irfanj/
Iryna Marchuk,Content Manager at pdfFiller,"Congratulations on building something that started as an experiment and became the product that 10x's businesses. That is the dream of every founder alive.",
Philippe Caron,Président Fondateur,Building for real businesses with real measurable outcomes is the approach that separates lasting companies from temporary hype cycles. Viktor chose the right path.,
Kristen Andrews,"2x Founder & CMO | Running the Full Marketing Function at PE-Backed SaaS | Demand Gen · GTM · AI",Incredible traction for a relatively new category.,https://www.linkedin.com/in/kristen-andrews/
Spencer West,"Commercial Director | Leading High‑Performing Commercial Teams | Turning Complex Construction Challenges into Confident, Controlled Delivery",This is a very strong indicator of product quality.,
Nala Natuplag,MarTech & Marketing Automation Specialist | Creator of CoachFlow,$75M to scale an AI coworker that already has incredible market pull. The next chapter of Viktor's story is going to be even more impressive.,https://ph.linkedin.com/in/nalajoynatuplagpro
Eddy Enoma,"Founder | B2B SaaS Content Writer & Strategist | Helping Tech & AI Brands Scale with SEO & High-Converting Content | Open to collaborations","Congratulations. The framing of AI employee over AI tool is not just marketing, it reflects a genuinely different and more powerful approach to AI.",https://www.linkedin.com/in/onlinebizoffers/
Joseph Santana,"Advisor & Coach to Inclusion Leaders | Turning Inclusion into Growth, Efficiency & Shareholder Value | Chairman, CDO PowerCircle | Speaker | Host, ERG PowerTalk","Congratulations to everyone involved. The combination of customer love, revenue traction, and top tier backing makes Viktor truly special right now.",https://www.linkedin.com/in/joesantana/
Zen Spencer-Harris,I help community serving and healthcare orgs become the #1 choice in their market. Guaranteed ROI through 100% attributable marketing.,Sourcing new revenue and cutting costs simultaneously makes Viktor the rare product that pays for itself many times over almost immediately upon adoption.,https://www.linkedin.com/in/zensh/
Metro Infrasys,"Toll Management System, Highway Traffic Management System, Parking Management System, Smart City Solutions",The journey from nobody wanting to test the product to customers loving it enough to drive $15M ARR is the most powerful validation a founder can get.,
Mariya Akhtar,"AI Voice Agent & Chatbot Developer | Automating Customer Support & Sales So You Scale Without Hiring.","Small dedicated team, years of iteration, and unwavering belief in the vision. These are the ingredients that built something people actually love using.",
"Affan Ahmad, Hiring",Building Rawbare.com | 10+ Years of Expertise in Driving Online Success,This feels like the beginning of something much bigger.,
Simon Stewart,Helping Brands Own Their Customer Engagement | Mobile Wallet Passes | BDR @ PassEntry 📲,Incredible journey from failing multiple times to raising $75M. The startup world needs more founders who are honest about the struggle behind success.,
Greg Ptashny,Creative Solutions Director at WebSmart Agency,Massive congratulations. The pace here is genuinely eye-opening.,https://www.linkedin.com/in/greg-ptashny-9088521a/
Richard Ali,"We don't install AI. We install the future of Work. | AI transformation infrastructure that turns experimentation into fluency, and fluency into competitive advantage.",The fact that this started as an experiment and became something that 10x's real businesses is the best kind of organic product evolution story.,
Kristy Yoder,"Helping overwhelmed entrepreneurs build businesses that run with clarity, freedom, and peace, even without their daily involvement.",Viktor went from a vision in 2023 to the fastest growing AI employee product in 2025. That is what relentless focus and execution can accomplish.,https://www.linkedin.com/in/kristy-yoder/
jocasta marvin,Helping UK Businesses Grow | Connecting the Right Talent | Technology-Driven Solutions for Sustainable Success,Viktor creating a category rather than competing in an existing one is why Accel led this round. Category creators generate the biggest outcomes.,
Paul Hitchcock,Founder | Dad 4x | We install our predictable client-acquisition system | We get you visible w/branded authority content | Don't rely only on referrals | Case studies available,This is a big deal for enterprise automation.,https://www.linkedin.com/in/gianthelp/
Igor Bodrichenko,"Bubble.io Expert | Lovable | Supabase | Xano | Webflow | Bubble.io Developer",That kind of outcome creates instant credibility.,https://uk.linkedin.com/in/igor-bodrichenko-60b092212
Anik Beauchemin,"Complex B2B tech should feel simple to buy | Marketing Director @ PlanAxion | ERP, AI & digital transformation","The transparency about the journey, the failures, and the wrong decisions makes this funding announcement feel genuine and earned rather than performative.",https://ca.linkedin.com/in/anikbeauchemin
Salon Promote,Manager chez SalonPromote-Officiel,Viktor went from a product nobody wanted to test to one that companies refuse to work without. That is the ultimate product market fit story.,
Nabeel Miranda,"MENA Head | Immigration Expert | Canada | Australia | New Zealand | European countries | Visit visa's | PR | Work permits | Residency by Investment | Second Passport Citizenship",From iterating quietly since 2023 to a $75M raise in 2025. The best things really do take time and relentless effort to build properly.,https://ae.linkedin.com/in/nabeel-miranda
Javier Prasetyo,Director | Private Broker Firm,Building for years before the market was ready shows incredible conviction. Most would have pivoted to whatever was trending at the moment instead.,https://au.linkedin.com/in/javier-prasetyo
Danylo Krasavin,Software Engineer at Mainix,The customer impact data in this announcement is more convincing than any product demo could ever be. Real savings and real revenue from real businesses.,
Daniela Valenzuela Marín,Nuevos Negocio en The Future Agencia,"Congratulations on this milestone. When customers save millions and generate new revenue in their first month, the product basically sells itself forward.",
Ashton Ball,Federal Acquisition SME | 17+ Years Supporting DoD Acquisition Initiatives & Rated Programs | $10B+ Lifecycle Projects | Proposal Expert,This story is a masterclass in persistence. Most people would have quit after users refused to even test the product. Glad you kept going.,https://www.linkedin.com/in/ashton-ball-71367b99/
Stefan Boyle,The TTWYK System | I turn one founder conversation into a month of LinkedIn authority | No writing. No cringe. No AI waffle,The $15M ARR in 10 weeks stat alone would have been enough to raise this round. The customer impact metrics on top just make it undeniable.,https://uk.linkedin.com/in/stefanboyleghostwriter
Prateek N.,Building Global Last Minutes Retailers Ecosystem,The early user love says everything.,https://www.linkedin.com/in/prateek-p-1a173231b/
Anishek Kamal,I paid off $140K in debt as an immigrant. Now I'm building the AI I wish I had. | Founder @ Toya AI,"$75M from Accel to build the future of AI employees. If the first 10 weeks are any indication, the next 10 months will be extraordinary.",https://www.linkedin.com/in/anishekkamal/
Ayesha Rashid,"Editor in Chief, Journalist, Content Writer, Social Media Manager.","Congratulations. The ""first true AI employee"" category is going to attract massive competition but Viktor has a significant head start right now.",https://www.linkedin.com/in/ayesharashid88/
Sabrina Princigalli,"Founder @ MatchCollective | CIO @ Saudi Connex | Cross-Border Investments, Strategic Partnerships & Capital Access Between Switzerland, Europe, GCC & Saudi Vision 2030 Ecosystems",Love seeing a team ship something this ambitious.,https://www.linkedin.com/in/sabrina-princigalli/
Geraldine Arias Colina,BDR | Analista de Datos |Tesorería | Outbound Lead Generation para Startups Tech.,Every founder who is currently struggling and failing should read this story. The path from rejected product to $75M raise is real and possible.,https://cl.linkedin.com/in/geraldine-arias-colina
Arolh D.,Banks & Financial Institutions Senior Enterprise AE | Customer Value | Large deals | Go-to-Market | Strategic Sales,This is exactly the kind of AI application the market needed.,
Adrian Waters⚡,"Founder. Not a guru. · Building real businesses, staying healthy, sharing everything · Southeast Asia",Viktor positioning as an AI employee instead of a tool changes the entire conversation about what AI can do for organizations of all sizes.,https://www.linkedin.com/in/mradrianwaters/
Tel Ganesan,Film Producer | Entrepreneur | Philanthropist | Mentor | @kyybafilms @kyybawellness Making Dreams possible🚀,This is a great reminder that iteration matters.,https://www.linkedin.com/in/telkganesan
Anthea WEN,"Public Relations | Comms | Media Strategy",Amazing to see a small team make such a big impact.,https://www.linkedin.com/in/anthea-wen-67096b10b/
May Kristine Brila,Social Media Manager | Helping Construction CEOs Focus on the Business While I Handle the Content,The best part of this story is that it was not built by a massive team. A small dedicated group iterating relentlessly created something people love.,https://ph.linkedin.com/in/may-kristine-brila-6094b1320
Oluwamayokun Solarin,⇒ 3 problems solved: Empty Pipeline. Invisible Brand. Stagnant Growth. ⇒ I help growing CEOs & Founders break through the plateau with systems that attract premium clients consistently | Marketing Strategist,$15M ARR in 10 weeks without the product even being well known yet. Imagine what happens when Viktor reaches broader market awareness.,
Martin McAndrew,A CMO & CEO. Dedicated to driving growth and promoting innovative marketing for businesses with bold goals,Small companies saving millions through an AI coworker proves that this technology can be transformative regardless of company size or industry.,https://www.linkedin.com/in/martinmcandrew/
Alessio Cavone,"​Group CIO - Chief Information Officer presso Allcore SpA | Omnichannel Digital Transformation | Change Management | IT Strategy | Odoo ERP | Salesforce CRM | Qlik Data Analytics | Generative AI | AI Agent & Automation",$75M to accelerate a product already generating $15M ARR. The growth potential from here with proper funding is genuinely exciting to consider.,https://www.linkedin.com/in/alessiocavone/
Francisco Banga,"Operations & Compliance Professional | 10+ Years Administrative, Regulatory & Business Operations | AI Implementation | Bilingual EN/ES | Pursuing CS — Robotics & Autonomous Systems","Incredible milestone. The combination of persistence, product quality, and market timing all came together perfectly for this moment. Well deserved.",
Derek Stark,Reclaim Your Masculine Power ⚡Helping Men 40+ Optimize Testosterone & Vitality I Book your metabolic reset protocol DM 'RESET' for more details 👇,Congratulations to the entire team. $15M ARR in 10 weeks while maintaining real customer outcomes is an exceptional achievement by any standard.,
Pratik Choudhary,Business Strategist | VCFO & IA | Scaling Hospitality Brands through Data & Systems,Love that the announcement focuses on customer impact rather than just the fundraise. That tells you where the team's priorities really are.,
Jaisheel Chhatrawala,Industrial Machine Vision Specilaist | HALCON MVtec | Vision System Integration | Smart Factory & Automation,The speed of traction here is the most impressive part.,
Mustapha Emmanuel,I build cold email systems that consistently book qualified meetings for B2B SaaS companies | Clay · Apollo · Instantly | Top Rated on Upwork,Most AI products overpromise and underdeliver. Viktor seems to be the rare exception where the results actually exceed the marketing claims.,https://ng.linkedin.com/in/mustaphaemmanuel-87742b1b3
Julian Jabaraj,LinkedIn Content Enthusiast | Helping Creators Scale with Free Tools & Smart Systems | Content Strategy & Growth Frameworks 🚀,"From a small dedicated team to a $75M raise, this is what focused execution on a clear vision looks like when the timing aligns.",
Beatriz Nahuz,CEO @MENFIRST | Built & Exited Activewear Brand | Multi-Venture Operator | Amazon & DTC Event Intelligence | U.S. Market Entry Strategist | EcomTherapy Newsletter,Congratulations to the Viktor team. The resilience shown through years of iteration before finding product market fit is truly admirable.,https://www.linkedin.com/in/beatriznahuz/
Ritchie Nkana,"Speaker | Founder, Brand to Stage™ | Ex-Banker, Author & Podcast Host | Helping experts turn speaking into 2–4 booked stages/month",Customers saving millions while also generating new revenue streams is a rare double benefit that explains the explosive growth trajectory.,https://www.linkedin.com/in/ritchienkana/
Dinesh Sahu,Content Creator | Building Personal Brands For Founders and Start-ups | Top 1% LinkedIn | Ghostwriter,Accel clearly did their homework here. Leading a $75M Series A on a product with this kind of early traction is a smart move.,
"Katia Simionato","Entrepreneur, Mentor, Investor",This is the kind of story that makes the category feel real.,https://it.linkedin.com/in/katia-simionato1976
"Jack Ng, MSSc, BSSc, Hons, RSW","Top 0.1% LinkedIn Profile| Head @VoteeAI| Founder @Onederland| Cons @AoN| ExHead @HKU, K11, MoMA, APRU| P @Rotaract| Board @CPF, STC| BKT Top Author| MSSc, BSSc, Cert @ANU, CUHK, Penn, Stanford, Yale| RSW, Youder| 30+📍",This is the kind of company people will study later.,https://www.linkedin.com/in/jacknghoihin/
Vaibhav Malik,Last Mile Expert | 3PL/D2C Operations | Warehouse Operations Specialist,Running 40% leaner without cutting output is the dream for every operations leader. No wonder the adoption curve has been so steep.,
Mariam Eremian,HR | Headhunter for top start-ups | CMU,Small experiment to category leader. This is the kind of trajectory that gets studied in startup courses a few years from now.,
ThirdEye Investment Fund,"Your trusted partners — from mentorship to fundraising, and beyond.","Congrats Fryderyk and team. The fact that this started as a small experiment makes the outcome even more impressive and inspiring.",
Rina Hernandez,"Industrial B2B Marketing | Material Handling, Manufacturing, Operations",First true AI employee is a big claim but $15M ARR in 10 weeks and 40% leaner operations make it very hard to argue against.,
Gini Shah,Co-Founder @MobiDrag | Turning Shopify Stores into Native Mobile Apps,Congratulations on the Series A. The combination of Accel's backing and those early traction numbers makes Viktor one to watch closely.,
Marcia Riner,Transform Your Business with Proven Profit Booster® Strategies 🚀 | Growth Expert 📈 | Exit Planning Specialist 🏆 | Host of 'Profit with a Plan' 🎙 | 3X Published Author 📚 | Engaging Speaker 🎤,Viktor delivering hundreds of thousands in new revenue for customers in their first month is the kind of ROI that creates organic word of mouth.,https://www.linkedin.com/in/marciariner/
Jozelle Tech,I transform brands from invisible to in-demand. Be Seen. Be Known. Be Trusted. Get Chosen. 🦋 Dominate your brand by building a brand that speaks before you do.,"The ""10x'ing real businesses"" claim usually makes me skeptical but the revenue and customer impact data here actually backs it up completely.",https://www.linkedin.com/in/jozelletech
carlos hugo cristaldo,Jubilado en Nacional,This is what happens when founders refuse to give up even when the market is not ready yet. The timing finally caught up to the vision.,
Nahyeong Kim,Senior Graphic Designer,You can feel the conviction in every line of this post.,https://www.linkedin.com/in/nahyeongkim/
Shawn Harber,VP of Franchise Development,That customer impact is exactly what matters.,https://www.linkedin.com/in/shawn-harber-036738130/
Salman Hanif,AI Automation Expert || Helping business owners automate their manual repetitive Tasks || 500 + Projects Delivered || Top Rated on Fiverr,The vision since 2023 finally being shipped is a testament to patience and conviction. Most founders would have pivoted away years ago.,
Mikaela Jane Opiña,Communications Major | Social Media Manager,Every sleepless night and sacrifice clearly led somewhere meaningful. This is a well deserved milestone for the entire Viktor team. Congratulations.,https://ph.linkedin.com/in/mikaela-jane-opi%C3%B1a-17a9b3227
Moe Mojahed,4x Founder | Business Growth Strategist | Brand Builder for Bold Visions | Hiring Sales Superstars 🚀,Years of iteration and failing forward finally paying off in a big way. This is what real startup persistence looks like. Huge congratulations.,https://ca.linkedin.com/in/moemojahed
Anand Sagar,Founder @ YellowInk Digital | ROI-Focused Digital Marketing Services for Startups & SMBs,Viktor sounds like the kind of product that makes you rethink how small teams can compete with much larger organizations. Love this vision.,https://uk.linkedin.com/in/anandsagardigital
Alessandro Eren B.,Growth AI Marketer,$75M Series A is massive but honestly feels justified when you look at those revenue numbers. Accel clearly sees the potential here.,https://it.linkedin.com/in/alesssandro-eren-boccardo
Aayushya Patel,THE Dubai Chocolate Guy | Stanford SIMR Intern | Founder @ Kahlus | Sys Engineer @ IntelliScience,The fact that companies are running 40% leaner without losing output says everything about where AI employees are heading right now.,https://www.linkedin.com/in/aayushya-patel-141a4b296/
Matthew West,Founder | Boom AI | AI-native student retention for community colleges,This is incredible to see. Going from a small experiment to $15M ARR in just 10 weeks is absolutely unheard of. Congrats to the team.,https://www.linkedin.com/in/mattwest3/
